,epochs,depth_lstm,depth_dense,units_lstm,g_filters,activation,l2_reg,batch_norm,dropout,stride,subsampling_factor,samples_per_graph,look_back,target_steps_ahead,fold_set,loss,acc,roc-auc,recall
exp1,100,1,2,256,32,relu,5e-1,True,0.4,10,2,500,5000,2000,/,14.27022354923406,0.10488777008600797,0.5,1.0
exp2,100,1,2,256,32,relu,5e-1,True,0.4,10,2,500,5000,2000,/,13.785687299593446,0.13446612125026222,0.5173423951253808,1.0
exp3,100,1,2,256,32,relu,5e-1,True,0.4,10,2,500,5000,2000,/,1.687224315368311,0.895112229913992,0.5802700570267948,0.0
exp4,100,1,2,256,32,relu,5e-1,True,0.4,10,2,500,3000,2000,/,14.293286250711402,0.10344114199020757,0.5,1.0
