,epochs,depth_lstm,depth_dense,units_lstm,activation,l2_reg,batch_norm,dropout,stride,subsampling_factor,look_back,target_steps_ahead,fold_set,loss,acc,roc-auc,recall
exp1,10,1,2,256,relu,5e-1,True,0.4,1,2,100,500,0,0.28366,0.93320,0.91174,0.55267
exp2,10,1,2,256,relu,5e-1,True,0.4,1,2,100,1000,0,0.27675,0.91149,0.92413,0.62667
exp3,10,1,2,256,relu,5e-1,True,0.4,1,2,100,2000,0,0.89908,0.71584,0.81401,0.78133
exp4,10,1,2,256,relu,5e-1,True,0.4,1,2,200,500,0,0.20416,0.93390,0.91338,0.61800
exp5,10,1,2,256,relu,5e-1,True,0.4,1,2,200,1000,0,0.19609,0.93905,0.94914,0.58000
exp6,10,1,2,256,relu,5e-1,True,0.4,1,2,200,2000,0,0.46296,0.91076,0.93851,0.82800
