,epochs,depth_lstm,depth_dense,units_lstm,activation,batch_norm,dropout,look_back,target_steps_ahead,subsampling_factor,loss,acc,roc-auc
exp2,10,2,1,128,tanh,False,0.5,100,0,2,0.7569901327681415,0.8843354921372159,0.8125615289179948
exp3,10,2,1,128,tanh,True,0.5,100,0,2,0.5511321283287444,0.8831343029599303,0.8681796873220966
exp4,10,1,1,128,tanh,True,0.5,100,0,2,0.48064954732147813,0.8755768210528423,0.8420368998402061
exp5,10,1,1,128,tanh,True,0.5,100,0,2,0.4045875596931932,0.8891602686659793,0.9173983675103944
