,epochs,depth_lstm,depth_dense,units_lstm,activation,l2_reg,batch_norm,dropout,look_back,target_steps_ahead,subsampling_factor,loss,acc,roc-auc
exp1,10,1,2,256,relu,0.5,True,0.4,100,1,2,0.3302316900326534,0.9070970970970972,0.8552124310954063
exp2,10,1,2,256,relu,0.5,True,0.4,100,1,2,0.3123323795501428,0.9010510510510512,0.9227814719277582
