,epochs,depth_lstm,depth_dense,units_lstm,activation,l2_reg,batch_norm,dropout,stride,subsampling_factor,look_back,target_steps_ahead,fold_set,loss,acc,roc-auc,recall
exp1,15,1,2,256,relu,5e-1,True,0.4,1,2,100,0,0,0.48035,0.90855,0.85304,0.26867
exp2,15,1,2,256,relu,5e-1,True,0.4,1,2,200,0,0,0.42302,0.91643,0.82265,0.19333
exp3,15,1,2,256,relu,5e-1,True,0.4,1,2,500,0,0,1.67151,0.10033,0.55482,1.00000
exp4,15,1,2,256,relu,5e-1,True,0.4,5,2,100,0,0,0.29729,0.92976,0.85465,0.45200
exp5,15,1,2,256,relu,5e-1,True,0.4,5,2,200,0,0,0.28602,0.90188,0.86473,0.18867
exp6,15,1,2,256,relu,5e-1,True,0.4,5,2,500,0,0,0.29923,0.92883,0.93855,0.72867
