,epochs,depth_lstm,depth_dense,units_lstm,activation,l2_reg,batch_norm,dropout,look_back,target_steps_ahead,subsampling_factor,loss,acc,roc-auc
exp1,10,1,2,256,relu,0.5,True,0.4,100,1,2,0.3302316900326534,0.9070970970970972,0.8552124310954063
exp2,10,1,2,256,relu,0.5,True,0.4,100,1,2,0.3123323795501428,0.9010510510510512,0.9227814719277582
exp3,10,1,2,256,relu,5e-1,True,0.4,100,5,2,0.3455938355152059,0.9090854488668215,0.9163249081228796
exp4,10,1,2,256,relu,5e-1,True,0.4,100,10,2,0.3681719229422864,0.9142765614519827,0.8912291707405182
exp5,10,1,2,256,relu,5e-1,True,0.4,100,50,2,0.4016380570328975,0.8805720523580134,0.8836789089109144
exp6,10,1,2,256,relu,5e-1,True,0.4,100,100,2,0.4790725384426332,0.8978066352040561,0.8839089252092152
exp7,10,1,2,256,relu,5e-1,True,0.4,100,200,2,0.43083918570796237,0.8867112666873953,0.8202896541953459
exp8,10,1,2,256,relu,5e-1,True,0.4,100,500,2,0.25562911970322655,0.9202020100401405,0.924845179559484
