,epochs,depth_lstm,depth_dense,units_lstm,activation,l2_reg,batch_norm,dropout,subsampling_factor,look_back,target_steps_ahead,fold_set,loss,acc,roc-auc,recall
exp1,10,1,2,256,relu,5e-1,True,0.4,2,100,500,0,0.30649,0.91339,0.88850,0.21400
exp2,10,1,2,256,relu,5e-1,True,0.4,2,100,1000,0,0.22112,0.92062,0.91021,0.30467
exp3,10,1,2,256,relu,5e-1,True,0.4,2,100,2000,0,0.40776,0.92063,0.90104,0.57067
exp4,10,1,2,256,relu,5e-1,True,0.4,2,200,500,0,0.26860,0.92599,0.95505,0.48667
exp5,10,1,2,256,relu,5e-1,True,0.4,2,200,1000,0,0.29794,0.91687,0.91451,0.68467
exp6,10,1,2,256,relu,5e-1,True,0.4,2,200,2000,0,0.24306,0.93451,0.91591,0.50867
exp7,10,1,2,256,relu,5e-1,True,0.4,2,500,500,0,0.49504,0.90491,0.84383,0.24867
exp8,10,1,2,256,relu,5e-1,True,0.4,2,500,1000,0,0.22676,0.92539,0.93377,0.26133
