,n_estimators,max_depth,weighted,fold_setbrier_loss_test,loss,acc,roc-auc,recall
exp1,100,10,True,0,0.119640.40310,0.87207,0.65544,0.14107
exp2,100,10,False,0,0.119640.40310,0.87207,0.65544,0.14107
exp3,100,10,True,1,0.066460.23919,0.91598,0.80491,0.03477
exp4,100,10,False,1,0.066460.23919,0.91598,0.80491,0.03477
exp5,100,10,True,2,0.068270.24243,0.90845,0.82925,0.01921
exp6,100,10,False,2,0.068270.24243,0.90845,0.82925,0.01921
