,epochs,depth_conv,depth_dense,filters,kernel_size,activation,l2_reg,batch_norm,dropout,look_back,target_steps_ahead,subsampling_factor,loss,acc,roc-auc
exp1,10,2,1,128,5,relu,5e-1,True,0.4,200,1,2,0.39705351434025554,0.9026653306613226,0.9595956717767298
exp2,10,2,1,128,5,relu,5e-1,True,0.4,200,2,2,0.26595088790739574,0.909007104279602,0.9397906873901815
exp3,10,2,1,128,5,relu,5e-1,True,0.4,200,5,2,0.31831375522999034,0.9233135596617099,0.9316813190873783
exp4,10,2,1,128,5,relu,5e-1,True,0.4,200,10,2,0.2854182953093893,0.9352246194546603,0.9685277509798604
