,epochs,depth_conv,depth_dense,filters,kernel_size,activation,l2_reg,batch_norm,dropout,look_back,stride,target_steps_ahead,subsampling_factor,loss,acc,roc-auc
exp1,10,5,2,512,5,relu,5e-1,True,0.4,2000,10,1,2,1.9203603011129293,0.22887755102040816,0.9442326907630523
exp2,10,5,2,512,5,relu,5e-1,True,0.4,2000,10,50,2,1.297571173421936,0.6537362188648428,0.9493146898103505
exp3,10,5,2,512,5,relu,5e-1,True,0.4,2000,10,500,2,0.17354397404406635,0.9400061532150549,0.9771938754898396
exp4,10,5,2,512,5,relu,5e-1,True,0.4,2000,10,1000,2,0.32579431104795453,0.8575404597464179,0.9774364101938787
